-- phpMyAdmin SQL Dump
-- version 5.1.3
-- https://www.phpmyadmin.net/
--
-- ホスト: 127.0.0.1
-- 生成日時: 2022-12-12 16:00:14
-- サーバのバージョン： 10.4.24-MariaDB
-- PHP のバージョン: 7.4.28

SET SQL_MODE = "NO_AUTO_VALUE_ON_ZERO";
START TRANSACTION;
SET time_zone = "+00:00";


/*!40101 SET @OLD_CHARACTER_SET_CLIENT=@@CHARACTER_SET_CLIENT */;
/*!40101 SET @OLD_CHARACTER_SET_RESULTS=@@CHARACTER_SET_RESULTS */;
/*!40101 SET @OLD_COLLATION_CONNECTION=@@COLLATION_CONNECTION */;
/*!40101 SET NAMES utf8mb4 */;

--
-- データベース: `ps2022`
--

-- --------------------------------------------------------

--
-- テーブルの構造 `tbl_group`
--

CREATE TABLE `tbl_group` (
  `gid` bigint(20) UNSIGNED NOT NULL,
  `gname` varchar(16) NOT NULL,
  `gyear` int(11) DEFAULT NULL,
  `staff` varchar(16) DEFAULT NULL,
  `pdate` date DEFAULT NULL,
  `room` varchar(16) DEFAULT NULL,
  `detail` text DEFAULT NULL
) ENGINE=InnoDB DEFAULT CHARSET=utf8;

--
-- テーブルのデータのダンプ `tbl_group`
--

INSERT INTO `tbl_group` (`gid`, `gname`, `gyear`, `staff`, `pdate`, `room`, `detail`) VALUES
(1, 'グループ1', 2023, NULL, '2023-01-14', '12105番教室', NULL),
(2, 'グループ2', 2023, NULL, '2023-01-14', '12106番教室', NULL),
(3, 'グループ3', 2023, NULL, '2023-01-14', '12107番教室', NULL),
(4, 'グループ4', 2023, NULL, '2023-01-14', '12108番教室', NULL);

-- --------------------------------------------------------

--
-- テーブルの構造 `tbl_lab`
--

CREATE TABLE `tbl_lab` (
  `labid` int(11) NOT NULL,
  `labname` varchar(32) DEFAULT NULL,
  `study` varchar(32) DEFAULT NULL
) ENGINE=InnoDB DEFAULT CHARSET=utf8;

--
-- テーブルのデータのダンプ `tbl_lab`
--

INSERT INTO `tbl_lab` (`labid`, `labname`, `study`) VALUES
(1, '篠原 研究室', '情報学基礎理論'),
(2, '上田 研究室', '情報ネットワーク、情報科学・情報システム'),
(3, '西山 研究室', '知能情報学、 情報科学・最適化手法'),
(4, '加藤 研究室', '土木計画学・交通工学、経営情報システム論'),
(5, '松原 研究室', '社会システム工学・安全システム'),
(6, '小澤 研究室', '情報ネットワーク、情報通信工学'),
(7, '村上 研究室', 'ウェブ情報学・サービス情報学'),
(8, '山田 研究室', '計算機システム・ネットワーク'),
(9, '吉岡 研究室', '生命・健康・医療情報学、計算生物学'),
(10, '永井 研究室', '知能情報学、ソフトコンピューティング');

-- --------------------------------------------------------

--
-- テーブルの構造 `tbl_labgroup`
--

CREATE TABLE `tbl_labgroup` (
  `gid` int(11) DEFAULT NULL,
  `labid` int(11) DEFAULT NULL
) ENGINE=InnoDB DEFAULT CHARSET=utf8;

--
-- テーブルのデータのダンプ `tbl_labgroup`
--

INSERT INTO `tbl_labgroup` (`gid`, `labid`) VALUES
(1, 4),
(1, 3),
(2, 8),
(2, 9),
(2, 2),
(3, 6),
(3, 1),
(3, 5),
(4, 7),
(4, 10);

-- --------------------------------------------------------

--
-- テーブルの構造 `tbl_program`
--

CREATE TABLE `tbl_program` (
  `sid` char(7) NOT NULL,
  `title` varchar(64) DEFAULT NULL,
  `time1` time DEFAULT NULL,
  `time2` time DEFAULT NULL,
  `ext` varchar(8) DEFAULT NULL
) ENGINE=InnoDB DEFAULT CHARSET=utf8;

--
-- テーブルのデータのダンプ `tbl_program`
--

INSERT INTO `tbl_program` (`sid`, `title`, `time1`, `time2`, `ext`) VALUES
('19RS003', 'エッジコンピューティングにおける アプリケーション分割での 計算オフロードの検討', '10:30:00', '10:40:00', NULL),
('19RS004', '授業アンケートWebシステムの開発', '10:30:00', '10:40:00', NULL),
('19RS005', '５Ｇの有能性、今後の発展について', '09:30:00', '09:40:00', NULL),
('19RS006', 'NiosIIを用いた基礎演習課題の検討', '10:30:00', '10:40:00', NULL),
('19RS007', 'UnityのCarWaypointBasedプレハブを使用した他車における車線変更機能の開発', '10:30:00', '10:40:00', NULL),
('19RS008', '創蓄連携とコージェネレーションによるゼロエネルギーハウスの検討', '10:30:00', '10:40:00', NULL),
('19RS009', '安全運転管理教育システムASSISTにおけるRainbow HATを用いた表示装置の開発', '10:30:00', '10:40:00', NULL),
('19RS010', 'アクセルペダルの右側に設置した衝立によるペダル踏み間違い防止効果の検証', '10:30:00', '10:40:00', NULL),
('19RS011', '課外活動と学業に関する解析と考察', '10:30:00', '10:40:00', NULL),
('19RS012', 'エッジコンピューティングにおける コンテナライブマイグレーションに関する一考察', '10:30:00', '10:40:00', NULL),
('19RS013', 'ARMマイコンを用いたBluetooth通信モジュール制御課題の検討', '10:30:00', '10:40:00', NULL),
('19RS014', '二次元コード活用促進のための読取り特性の調査', '10:30:00', '10:40:00', NULL),
('19RS015', 'ARKitを用いたAR家具配置アプリの開発', '10:30:00', '10:40:00', NULL),
('19RS016', '新KERNELボード実現のための検証及び追加機能の実装', '10:30:00', '10:40:00', NULL),
('19RS017', 'パワーコンディショナのためのFPGAを用いたゲートパルス信号生成システムの開発', '10:30:00', '10:40:00', NULL),
('19RS018', '補助記憶装置の違いによる仮想記憶の性能調査', '10:30:00', '10:40:00', NULL),
('19RS019', '繰返し型囚人のジレンマの戦略の分析と調査', '10:30:00', '10:40:00', NULL),
('19RS020', 'MathTeXとMathematicaを用いた微分積分の教材作成―多項式関数及び分数式を含む関数の微分積分―', '10:30:00', '10:40:00', NULL),
('19RS021', '公共交通基盤データを用いた路線図表示Webページの試作', '10:30:00', '10:40:00', NULL),
('19RS022', '細胞シグナル伝達系の安定性解析のGPGPUによる並列化と性能評価', '10:30:00', '10:40:00', NULL),
('19RS023', 'トラック運転手の体調管理のための車両情報と心拍数の収集と分析', '09:50:00', '10:00:00', NULL),
('19RS024', '非一様なミカエリス定数がシグナル伝達系の多安定性に及ぼす影響の網羅的解析', '10:30:00', '10:40:00', NULL),
('19RS025', '簡易脳波計を用いたリアルタイム計測の基礎的検討と脳波分類による検証', '10:30:00', '10:40:00', NULL),
('19RS026', '避難場所を通知可能なLINEBOTの開発', '10:30:00', '10:40:00', NULL),
('19RS027', 'KIND Wi-Fiの接続情報を用いた出席確認補助システムの改良', '10:30:00', '10:40:00', NULL),
('19RS028', '履修計画支援のための機械学習による合否予測方式の検討', '10:30:00', '10:40:00', NULL),
('19RS029', 'GenePool再現プログラムへの共進化の導入の試み', '10:30:00', '10:40:00', NULL),
('19RS030', 'パワーコンディショナのためのFPGAを用いたゲートパルス信号変調システムの開発', '10:30:00', '10:40:00', NULL),
('19RS031', '教務データ分析による留年退学リスクの定量化と改善案の検討', '10:30:00', '10:40:00', NULL),
('19RS032', '若者語と語彙?の関係性の解析について', '10:30:00', '10:40:00', NULL),
('19RS033', 'セルオートマトンを利?した暗号化処理システムの構築について', '10:30:00', '10:40:00', NULL),
('19RS034', 'Web地図表示ライブラリを用いた地域公共交通基盤データ停留所データ作成ツールの開発', '09:40:00', '09:50:00', NULL),
('19RS035', '微分方程式の問題作成と問題を解くための計算過程の正誤判定システムの試作', '10:30:00', '10:40:00', NULL),
('19RS036', 'Visual Studio Code拡張機能によるGTFSデータ作成支援', '10:30:00', '10:40:00', NULL),
('19RS037', '公共交通基盤データを用いた時刻表表示Webページの試作', '10:30:00', '10:40:00', NULL),
('19RS038', 'Unityによるドライビングシミュレータの実現と運転傾向の解析', '10:30:00', '10:40:00', NULL),
('19RS039', 'モバイルヘルスモニタリングのためのマルチセンサデータクリーニングにおける加重移動平均技術の実装と評価', '10:30:00', '10:40:00', NULL),
('19RS040', 'Google Mapsと連携した就職支援システムの開発', '10:30:00', '10:40:00', NULL),
('19RS041', '地域公共交通向けアンケート調査データ解析Webシステムの開発', '10:30:00', '10:40:00', NULL),
('19RS042', '深層学習を用いた物体検出システムによる数字とカラーブロック配置の認識aaa', '10:40:00', '10:50:00', NULL),
('19RS043', 'VR事故対策シミュレータの開発', '10:30:00', '10:40:00', NULL),
('19RS044', 'プロセッサ搭載型FPGAによるオブジェクト検出処理の高速化', '10:30:00', '10:40:00', NULL),
('19RS045', '椅座位状態での腹圧呼吸時における呼吸関連情報の抽出', '10:30:00', '10:40:00', NULL),
('19RS046', 'Deep Q-Networkを用いた自動運転における車エージェントの改良', '10:30:00', '10:40:00', NULL),
('19RS047', 'Googleクラウドサービスを活用したKERNELアプリケーションの情報収集', '09:20:00', '09:30:00', NULL),
('19RS048', '視覚誘発電位計測時における簡易脳波計とディジタル脳波計の比較検証', '10:30:00', '10:40:00', NULL),
('19RS049', '2次元TM波FDTD法を用いた時間反転シミュレーションの試み', '10:30:00', '10:40:00', NULL),
('19RS050', '顔の特徴点を利用した頭部電極位置の可視化', '10:30:00', '10:40:00', NULL),
('19RS051', 'ETロボコンの格子状エリアにおける二輪走行体の動作制御', '10:30:00', '10:40:00', NULL),
('19RS052', '機材管理システムの開発', '10:30:00', '10:40:00', NULL),
('19RS053', 'CNNを用いた顔画像からの居眠り検知', '10:30:00', '10:40:00', NULL),
('19RS054', '機械学習を用いた連絡通知自動分類に関する研究', '10:30:00', '10:40:00', NULL),
('19RS055', 'スマートフォン用 K’sLife アプリ「スマト君」の開発', '10:30:00', '10:40:00', NULL),
('19RS056', 'SRAMモデルのための疑似プログラム用コンパイラの Java言語による試作', '10:30:00', '10:40:00', NULL),
('19RS057', '安全運転管理教育システムASSISTにおけるペダル上のつま先の位置取得機能の開発', '10:30:00', '10:40:00', NULL),
('19RS058', '統計的仮説検定に関する教育支援システムの試作', '10:30:00', '10:40:00', NULL),
('19RS059', 'リプレイを用いた車間距離維持教育用のドライビングシミュレータの開発', '10:30:00', '10:40:00', NULL),
('19RS060', '深層学習フレームワークの機能比較と試用評価', '10:30:00', '10:40:00', NULL),
('19RS061', 'VRを用いたRICE処置シミュレータの開発', '10:30:00', '10:40:00', NULL),
('19RS062', '組込みシステムにおけるARを活用した教材の試作', '10:30:00', '10:40:00', NULL),
('19RS063', '拡張現実感技術を用いた地図への建物提示', '10:40:00', '10:50:00', NULL),
('19RS064', 'AIカーの導入を想定した渋滞シミュレータの開発', '10:30:00', '10:40:00', NULL),
('19RS065', 'PID制御を用いた二輪走行体の速度制御', '10:30:00', '10:40:00', NULL),
('19RS066', '睡眠時における心拍関連情報の抽出とその変動に関する調査', '10:30:00', '10:40:00', NULL),
('19RS067', 'カメラによる個?的特徴を?いた?退室判断について', '10:30:00', '10:40:00', NULL),
('19RS068', '教務データを用いた機械学習による留年退学予測方式の有効性の検証', '10:30:00', '10:40:00', NULL),
('19RS069', '連絡通知分類システムの開発', '10:30:00', '10:40:00', NULL),
('19RS070', 'コミュニケーションワークへのMoodle活?とワークの違いについて', '10:30:00', '10:40:00', NULL),
('19RS071', '呼吸訓練のためのUnityを用いた呼吸法の可視化', '10:30:00', '10:40:00', NULL),
('19RS072', '出席情報に基づく成績予測に対する機械学習の有効性の検証', '10:30:00', '10:40:00', NULL),
('19RS073', 'セルオートマトンを?いた避難流動シミュレーションについて', '10:30:00', '10:40:00', NULL),
('19RS074', '卒業論文管理システムへの本文中のキーワードによる検索機能の実装', '10:30:00', '10:40:00', NULL),
('19RS075', '信号機のある交差点内での右左折時の交通事故教防止育用ドライビングシミュレータの開発', '10:30:00', '10:40:00', NULL),
('19RS076', '認知症予防を指向した指先運動訓練アプリケーションの開発', '10:30:00', '10:40:00', NULL),
('19RS077', '人型ロボットを用いたプリンタ監視機能の実装と問題点の調査', '10:30:00', '10:40:00', NULL),
('19RS078', '瞳座標に基づく視線方向推定法の検討とポインティングシステムへの応用', '10:30:00', '10:40:00', NULL),
('19RS079', '後退時の運転操作におけるアクセルペダルとブレーキペダルの踏み間違いについての研究', '10:20:00', '10:30:00', NULL),
('19RS080', 'EV3RTと無線通信機器とのマルチタスク通信システムの実現', '10:30:00', '10:40:00', NULL),
('19RS081', 'Maximaによるグラフ理論に関する演習教材の試作', '10:10:00', '10:20:00', NULL),
('19RS082', '空間適応正規化を用いた画像生成', '10:30:00', '10:40:00', NULL),
('19RS083', 'セルオートマトンを?いた暗号鍵及び復号鍵について', '10:30:00', '10:40:00', NULL),
('19RS084', 'モバイルヘルスモニタリングのための 効率的な欠測データ完成アプローチの検討', '10:30:00', '10:40:00', NULL),
('19RS085', '道路閉塞確率を用いた安全な経路の算出', '10:30:00', '10:40:00', NULL),
('19RS086', '研究室配属を支援する適性検査機能の開発', '10:30:00', '10:40:00', NULL),
('19RS087', '手書き文字の画像分類におけるニューラルネットワークモデルの修正による正答率の向上の評価', '10:30:00', '10:40:00', NULL),
('19RS088', 'QRコード読み取り機能付きOD調査Androidアプリケーションの試作', '10:30:00', '10:40:00', NULL),
('19RS089', '小テスト解答結果活用システムの開発', '10:30:00', '10:40:00', NULL),
('19RS090', 'プログラミングロボットを利用した展示物の作成', '10:30:00', '10:40:00', NULL),
('19RS091', '地域公共交通向け乗降客数データ解析Webシステムの開発', '10:30:00', '10:40:00', NULL),
('19RS092', 'サーバ型学会タイマーに基づく学会発表支援システムの開発', '10:30:00', '10:40:00', NULL),
('19RS093', 'マイクロ波を用いる誘電体円柱の誘電率推定に対するMathematica機械学習の適用', '10:30:00', '10:40:00', NULL),
('19RS094', '層状媒質の1次元FDTD法解析―黄金分割法による比誘電率の推定―', '10:30:00', '10:40:00', NULL),
('19RS095', 'Web地図表示ライブラリを用いた地域公共交通向けアンケート調査データの視覚化システムの開発', '10:00:00', '10:10:00', NULL),
('19RS096', 'Web地図表示ライブラリを用いた地域公共交通向け乗降客数データの視覚化システムの開発', '10:30:00', '10:40:00', NULL),
('19RS097', 'TVMLを用いた研究室の研究内容紹介動画作成', '10:30:00', '10:40:00', NULL),
('19RS098', 'HDLを用いたUART受信モジュール演習課題の検討', '10:30:00', '10:40:00', NULL),
('19RS099', '運転手向け乗降客数計測Android アプリケーションSHINGU ver.4の開発', '10:30:00', '10:40:00', NULL),
('19RS100', '個体差のある二輪走行体における方策勾配型学習の検証', '10:30:00', '10:40:00', NULL),
('19RS101', '自然数の和問題に対するアルゴリズムの実装と実験による性能評価', '10:30:00', '10:40:00', NULL),
('19RS102', 'デマンド交通向け運行管理システムの開発', '10:30:00', '10:40:00', NULL),
('19RS103', 'アンケート調査AndroidアプリケーションASHIYA ver.7の開発', '10:30:00', '10:40:00', NULL),
('19RS104', 'マップ表示可能な大学周辺施設案内システムの開発', '10:30:00', '10:40:00', NULL),
('19RS105', 'CycleGANを用いた画像生成', '10:30:00', '10:40:00', NULL),
('19RS106', '学生の演習問題解答状況を把握するシステムの開発', '10:30:00', '10:40:00', NULL),
('19RS107', '複数の点滅視覚刺激に対する視覚誘発電位による脳波の識別', '10:30:00', '10:40:00', NULL),
('19RS108', '車両情報とバイタルサインを用いた機械学習による運転手の異常検知', '10:30:00', '10:40:00', NULL),
('19RS109', 'GPGPUを用いて並列処理する際の深層学習フレームワークの性能比較', '10:30:00', '10:40:00', NULL),
('19RS110', 'mBotを用いた初学者向け組込みプログラミング演習の検討', '10:30:00', '10:40:00', NULL),
('19RS111', 'ゼミナールクラス分け支援ツールの作成―クラス分け処理の見直し―', '10:30:00', '10:40:00', NULL),
('19RS112', '現実的モデルに基づく再配達を含む配送計画作成方式の実用的検討', '10:30:00', '10:40:00', NULL),
('19RS113', '二次元コードを用いた赤村ポイントカードの設計と実装', '10:30:00', '10:40:00', NULL),
('19RS114', 'マイクロ波トモグラフィのための再構成シミュレーション―共役勾配法と黄金分割法を用いた誘電体柱の再構成―', '10:30:00', '10:40:00', NULL),
('19RS115', 'Java言語によるアルゴリズムの実装と評価', '10:30:00', '10:40:00', NULL),
('19RS116', 'アルゴを題材としたプログラム教材の製作', '10:30:00', '10:40:00', NULL),
('19RS117', 'ウェブブラウザを使った集合に関するオンラインテストの試作', '10:30:00', '10:40:00', NULL),
('19RS118', 'バランス維持訓練ゲーム TATSUJIN の開発', '10:30:00', '10:40:00', NULL),
('19RS119', 'mBlockを用いた初学者向け組込みプログラミング演習の検討', '10:30:00', '10:40:00', NULL),
('19RS120', 'Moodle利?の教員負担軽減に向けた機能開発について', '10:30:00', '10:40:00', NULL);

-- --------------------------------------------------------

--
-- テーブルの構造 `tbl_progress`
--

CREATE TABLE `tbl_progress` (
  `id` bigint(20) UNSIGNED NOT NULL,
  `sid` varchar(16) NOT NULL,
  `schedule_id` int(11) NOT NULL,
  `report_date` date NOT NULL DEFAULT current_timestamp(),
  `achievement` int(11) NOT NULL,
  `reason` text NOT NULL,
  `read_date` datetime DEFAULT current_timestamp(),
  `advice` text NOT NULL
) ENGINE=InnoDB DEFAULT CHARSET=utf8;

--
-- テーブルのデータのダンプ `tbl_progress`
--

INSERT INTO `tbl_progress` (`id`, `sid`, `schedule_id`, `report_date`, `achievement`, `reason`, `read_date`, `advice`) VALUES
(0, '19RS002', 1, '2022-04-13', 100, 'テーマが決まりました。', '2022-04-14 14:00:00', '了解しました。'),
(1, '19RS001', 1, '2022-04-11', 50, 'おおよそ決めていますが、調査はしています。', '2022-12-28 15:36:56', '相談してください'),
(3, '19RS001', 1, '2022-04-13', 100, '調査が終わりテーマが決まりました', '2022-04-14 14:00:00', '了解しました'),
(4, '19RS003', 1, '2022-04-13', 100, 'テーマが決まりました。', '2022-12-28 15:38:31', 'お疲れ様でした。'),
(5, '19RS004', 1, '2022-04-09', 0, '取り組みたいテーマが二つあるのですが、二つ研究することは可能ですか', '2022-04-10 15:00:00', 'テーマは一つに決めてください。'),
(6, '19RS004', 1, '2022-04-15', 100, '悩みましたが決めました。', '2022-04-16 14:00:00', '了解です。安心しました。'),
(7, '19RS004', 2, '2022-04-20', 100, '設計が終わりました。', '2022-04-21 16:00:00', '確認しました。次の授業で実装について説明します。'),
(8, '19RS001', 2, '2022-04-17', 70, '設計画面で迷っていることがあるので、明日以降相談に行っても良いですか。', '2022-04-17 16:00:00', 'わかりました。明日の二限終わりにこれますか。'),
(9, '19RS001', 2, '2022-04-17', 70, 'かしこまりました。では明日お伺いいたします。', '2022-04-17 20:00:00', 'お待ちしております。'),
(10, '19RS003', 2, '2022-04-20', 0, 'テーマを変更することはできますでしょうか。', '2022-04-20 16:00:00', '可能です。テーマが決まったら連絡してください。'),
(11, '19RS002', 2, '2022-04-20', 20, '設計を行っています。', '2022-04-21 15:00:00', '少し遅れているようなので、質問があれば研究室を訪れてください。'),
(12, '19RS004', 3, '2022-04-23', 15, '実装を開始しています', '2022-04-23 15:00:00', '了解です。'),
(21, '19RS005', 2, '2022-12-07', 100, '１００％完成しました。', '2022-12-07 23:36:11', '');

-- --------------------------------------------------------

--
-- テーブルの構造 `tbl_schedule`
--

CREATE TABLE `tbl_schedule` (
  `id` bigint(20) UNSIGNED NOT NULL,
  `start_date` date NOT NULL,
  `end_date` date NOT NULL,
  `title` varchar(64) NOT NULL,
  `detail` text NOT NULL
) ENGINE=InnoDB DEFAULT CHARSET=utf8;

--
-- テーブルのデータのダンプ `tbl_schedule`
--

INSERT INTO `tbl_schedule` (`id`, `start_date`, `end_date`, `title`, `detail`) VALUES
(1, '2022-04-09', '2022-04-16', 'テーマ決め', '一人に一つのテーマを決め、そのテーマに関する調査を行う'),
(2, '2022-04-16', '2022-05-28', '設計', 'テーマに沿って機能、画面、DB、アルゴリズム等の設計を行う'),
(3, '2022-05-28', '2022-07-18', '実装', '設計案に従い、DB構築、プログラム作成、デバッグなど、システムの開発を行う'),
(4, '2022-07-18', '2022-07-23', '実装完了', '前期終了までに実装をすべて済ませる'),
(5, '2022-07-23', '2022-09-19', '公開・評価', '開発環境から実行環境に移し、ネットワーク上で公開し、一般ユーザの利用により評価を行う'),
(6, '2022-07-27', '2022-07-27', '中間発表', '合同中間発表会で研究発表を行う'),
(7, '2022-10-01', '2022-10-15', '修正・検収', '公開・評価の結果を踏まえて、システムの拡張や改修を行い、検収を受ける');

-- --------------------------------------------------------

--
-- テーブルの構造 `tbl_student`
--

CREATE TABLE `tbl_student` (
  `sid` char(7) NOT NULL,
  `sname` varchar(16) NOT NULL,
  `labid` int(11) NOT NULL
) ENGINE=InnoDB DEFAULT CHARSET=utf8;

--
-- テーブルのデータのダンプ `tbl_student`
--

INSERT INTO `tbl_student` (`sid`, `sname`, `labid`) VALUES
('19RS001', '大澤 真生', 10),
('19RS002', '西山 快人', 5),
('19RS003', '谷口 玲子', 6),
('19RS004', '鎌田 晴花', 6),
('19RS005', '藤本 朝陽', 3),
('19RS006', '加藤 菜月', 10),
('19RS007', '久保 悠也', 9),
('19RS008', '宮本 真帆', 4),
('19RS009', '市川 美晴', 4),
('19RS010', '望月 大聖', 1),
('19RS011', '浅野 要', 7),
('19RS012', '原田 瑛介', 5),
('19RS013', '堀 誠也', 7),
('19RS014', '高野 功', 5),
('19RS015', '森本 南', 4),
('19RS016', '高山 愛結', 2),
('19RS017', '宮田 柚子', 4),
('19RS018', '松下 桃華', 4),
('19RS019', '山中 魁', 7),
('19RS020', '安藤 陽那', 2),
('19RS021', '土屋 志保', 4),
('19RS022', '片岡 成', 1),
('19RS023', '田口 幸輝', 3),
('19RS024', '飯田 希', 1),
('19RS025', '青木 瑞穂', 8),
('19RS026', '佐野 理央', 10),
('19RS027', '河野 颯汰', 10),
('19RS028', '斎藤 洋一', 1),
('19RS029', '菊地 実花', 2),
('19RS030', '三宅 友貴', 5),
('19RS031', '黒田 慶次', 9),
('19RS032', '福井 彩芽', 4),
('19RS033', '高木 朋花', 4),
('19RS034', '川上 寛大', 3),
('19RS035', '浜田 凌太', 9),
('19RS036', '田邊 蓮', 8),
('19RS037', '山崎 優真', 7),
('19RS038', '北村 有香', 6),
('19RS039', '中島 玲奈', 2),
('19RS040', '平野 有紗', 6),
('19RS041', '内藤 栞', 2),
('19RS042', '中野 春希', 3),
('19RS043', '今井 諒', 7),
('19RS044', '小池 めぐみ', 6),
('19RS045', '山内 璃空', 5),
('19RS046', '森 悠希', 7),
('19RS047', '木下 泰樹', 3),
('19RS048', '松原 ゆり', 2),
('19RS049', '成田 孝太', 3),
('19RS050', '大西 奈那', 8),
('19RS051', '小沢 柊哉', 3),
('19RS052', '安田 優樹', 1),
('19RS053', '前田 紗衣', 6),
('19RS054', '大塚 優翔', 9),
('19RS055', '星野 康弘', 5),
('19RS056', '内田 優心', 6),
('19RS057', '山田 りな', 4),
('19RS058', '鈴木 豊', 5),
('19RS059', '佐々木 和幸', 3),
('19RS060', '南 愛香', 8),
('19RS061', '篠原 悠馬', 1),
('19RS062', '原 花蓮', 2),
('19RS063', '松井 大和', 3),
('19RS064', '伊東 悠生', 9),
('19RS065', '川口 莉穂', 8),
('19RS066', '中山 歩美', 8),
('19RS067', '岡田 茂', 9),
('19RS068', '佐藤 詩乃', 6),
('19RS069', '武田 美怜', 8),
('19RS070', '大久保 瑠璃', 6),
('19RS071', '奥村 慎', 7),
('19RS072', '渡部 遥真', 9),
('19RS073', '小川 杏奈', 8),
('19RS074', '高橋 まどか', 10),
('19RS075', '金子 蘭', 10),
('19RS076', '矢野 小太郎', 1),
('19RS077', '中村 日葵', 8),
('19RS078', '太田 貫太', 1),
('19RS079', '福島 勇翔', 3),
('19RS080', '岩田 聖子', 2),
('19RS081', '川村 隆之介', 3),
('19RS082', '岩崎 愛梨', 8),
('19RS083', '大森 栞那', 8),
('19RS084', '渡邊 心暖', 10),
('19RS085', '広瀬 紗彩', 6),
('19RS086', '菊池 舞桜', 6),
('19RS087', '斉藤 裕也', 1),
('19RS088', '辻 優一', 1),
('19RS089', '井上 和華', 10),
('19RS090', '栗原 恵子', 2),
('19RS091', '藤井 優芽', 4),
('19RS092', '吉村 旭', 7),
('19RS093', '大沢 湊', 2),
('19RS094', '沢田 夏鈴', 6),
('19RS095', '大島 真', 3),
('19RS096', '松本 渉', 5),
('19RS097', '大谷 一平', 1),
('19RS098', '石橋 裕美子', 10),
('19RS099', '横田 葵依', 2),
('19RS100', '阿部 陽人', 7),
('19RS101', '小松 亜弥', 8),
('19RS102', '平井 亮太', 5),
('19RS103', '坂本 歩実', 6),
('19RS104', '石田 晴翔', 5),
('19RS105', '松岡 大雅', 10),
('19RS106', '柴田 櫂', 9),
('19RS107', '大橋 裕司', 1),
('19RS108', '松村 花穂', 4),
('19RS109', '小澤 楓香', 4),
('19RS110', '樋口 奏汰', 5),
('19RS111', '野田 悠', 7),
('19RS112', '野口 優哉', 10),
('19RS113', '水野 麻紀', 4),
('19RS114', '西川 遼', 7),
('19RS115', '岡 祐奈', 10),
('19RS116', '馬場 優也', 9),
('19RS117', '澤田 佑樹', 7),
('19RS118', '菅原 翔一', 9),
('19RS119', '五十嵐 悠弥', 5),
('19RS120', '清水 侑', 9);

-- --------------------------------------------------------

--
-- テーブルの構造 `tbl_st_semi`
--

CREATE TABLE `tbl_st_semi` (
  `sid` varchar(16) NOT NULL,
  `st_name` text NOT NULL,
  `note` text NOT NULL
) ENGINE=InnoDB DEFAULT CHARSET=utf8;

--
-- テーブルのデータのダンプ `tbl_st_semi`
--

INSERT INTO `tbl_st_semi` (`sid`, `st_name`, `note`) VALUES
('19RS001', '大澤 真生', '論文着手'),
('19RS002', '西山 快人', '今週火曜日個人面談'),
('19RS003', '谷口 玲子', 'テーマ未定'),
('19RS004', '鎌田 晴花', '来週のゼミ欠席');

-- --------------------------------------------------------

--
-- テーブルの構造 `tbl_user`
--

CREATE TABLE `tbl_user` (
  `uid` varchar(16) NOT NULL,
  `uname` varchar(32) NOT NULL,
  `upass` varchar(16) NOT NULL,
  `urole` int(11) DEFAULT NULL
) ENGINE=InnoDB DEFAULT CHARSET=utf8;

--
-- テーブルのデータのダンプ `tbl_user`
--

INSERT INTO `tbl_user` (`uid`, `uname`, `upass`, `urole`) VALUES
('admin', '管理者', '5678', 9),
('k19rs001', '大澤 真生', 'abcd', 1),
('k19rs002', '西山 快人', 'abcd', 1),
('k19rs003', '谷口 玲子', 'abcd', 1),
('k19rs004', '鎌田 晴花', 'abcd', 1),
('k19rs005', '藤本 朝陽', 'abcd', 1),
('k19rs006', '加藤 菜月', 'abcd', 1),
('k19rs007', '久保 悠也', 'abcd', 1),
('k19rs008', '宮本 真帆', 'abcd', 1),
('k19rs009', '市川 美晴', 'abcd', 1),
('k19rs010', '望月 大聖', 'abcd', 1),
('k19rs011', '浅野 要', 'abcd', 1),
('k19rs012', '原田 瑛介', 'abcd', 1),
('k19rs013', '堀 誠也', 'abcd', 1),
('k19rs014', '高野 功', 'abcd', 1),
('k19rs015', '森本 南', 'abcd', 1),
('k19rs016', '高山 愛結', 'abcd', 1),
('k19rs017', '宮田 柚子', 'abcd', 1),
('k19rs018', '松下 桃華', 'abcd', 1),
('k19rs019', '山中 魁', 'abcd', 1),
('k19rs020', '安藤 陽那', 'abcd', 1),
('k19rs021', '土屋 志保', 'abcd', 1),
('k19rs022', '片岡 成', 'abcd', 1),
('k19rs023', '田口 幸輝', 'abcd', 1),
('k19rs024', '飯田 希', 'abcd', 1),
('k19rs025', '青木 瑞穂', 'abcd', 1),
('k19rs026', '佐野 理央', 'abcd', 1),
('k19rs027', '河野 颯汰', 'abcd', 1),
('k19rs028', '斎藤 洋一', 'abcd', 1),
('k19rs029', '菊地 実花', 'abcd', 1),
('k19rs030', '三宅 友貴', 'abcd', 1),
('k19rs031', '黒田 慶次', 'abcd', 1),
('k19rs032', '福井 彩芽', 'abcd', 1),
('k19rs033', '高木 朋花', 'abcd', 1),
('k19rs034', '川上 寛大', 'abcd', 1),
('k19rs035', '浜田 凌太', 'abcd', 1),
('k19rs036', '田邊 蓮', 'abcd', 1),
('k19rs037', '山崎 優真', 'abcd', 1),
('k19rs038', '北村 有香', 'abcd', 1),
('k19rs039', '中島 玲奈', 'abcd', 1),
('k19rs040', '平野 有紗', 'abcd', 1),
('k19rs041', '内藤 栞', 'abcd', 1),
('k19rs042', '中野 春希', 'abcd', 1),
('k19rs043', '今井 諒', 'abcd', 1),
('k19rs044', '小池 めぐみ', 'abcd', 1),
('k19rs045', '山内 璃空', 'abcd', 1),
('k19rs046', '森 悠希', 'abcd', 1),
('k19rs047', '木下 泰樹', 'abcd', 1),
('k19rs048', '松原 ゆり', 'abcd', 1),
('k19rs049', '成田 孝太', 'abcd', 1),
('k19rs050', '大西 奈那', 'abcd', 1),
('k19rs051', '小沢 柊哉', 'abcd', 1),
('k19rs052', '安田 優樹', 'abcd', 1),
('k19rs053', '前田 紗衣', 'abcd', 1),
('k19rs054', '大塚 優翔', 'abcd', 1),
('k19rs055', '星野 康弘', 'abcd', 1),
('k19rs056', '内田 優心', 'abcd', 1),
('k19rs057', '山田 りな', 'abcd', 1),
('k19rs058', '鈴木 豊', 'abcd', 1),
('k19rs059', '佐々木 和幸', 'abcd', 1),
('k19rs060', '南 愛香', 'abcd', 1),
('k19rs061', '篠原 悠馬', 'abcd', 1),
('k19rs062', '原 花蓮', 'abcd', 1),
('k19rs063', '松井 大和', 'abcd', 1),
('k19rs064', '伊東 悠生', 'abcd', 1),
('k19rs065', '川口 莉穂', 'abcd', 1),
('k19rs066', '中山 歩美', 'abcd', 1),
('k19rs067', '岡田 茂', 'abcd', 1),
('k19rs068', '佐藤 詩乃', 'abcd', 1),
('k19rs069', '武田 美怜', 'abcd', 1),
('k19rs070', '大久保 瑠璃', 'abcd', 1),
('k19rs071', '奥村 慎', 'abcd', 1),
('k19rs072', '渡部 遥真', 'abcd', 1),
('k19rs073', '小川 杏奈', 'abcd', 1),
('k19rs074', '高橋 まどか', 'abcd', 1),
('k19rs075', '金子 蘭', 'abcd', 1),
('k19rs076', '矢野 小太郎', 'abcd', 1),
('k19rs077', '中村 日葵', 'abcd', 1),
('k19rs078', '太田 貫太', 'abcd', 1),
('k19rs079', '福島 勇翔', 'abcd', 1),
('k19rs080', '岩田 聖子', 'abcd', 1),
('k19rs081', '川村 隆之介', 'abcd', 1),
('k19rs082', '岩崎 愛梨', 'abcd', 1),
('k19rs083', '大森 栞那', 'abcd', 1),
('k19rs084', '渡邊 心暖', 'abcd', 1),
('k19rs085', '広瀬 紗彩', 'abcd', 1),
('k19rs086', '菊池 舞桜', 'abcd', 1),
('k19rs087', '斉藤 裕也', 'abcd', 1),
('k19rs088', '辻 優一', 'abcd', 1),
('k19rs089', '井上 和華', 'abcd', 1),
('k19rs090', '栗原 恵子', 'abcd', 1),
('k19rs091', '藤井 優芽', 'abcd', 1),
('k19rs092', '吉村 旭', 'abcd', 1),
('k19rs093', '大沢 湊', 'abcd', 1),
('k19rs094', '沢田 夏鈴', 'abcd', 1),
('k19rs095', '大島 真', 'abcd', 1),
('k19rs096', '松本 渉', 'abcd', 1),
('k19rs097', '大谷 一平', 'abcd', 1),
('k19rs098', '石橋 裕美子', 'abcd', 1),
('k19rs099', '横田 葵依', 'abcd', 1),
('k19rs100', '阿部 陽人', 'abcd', 1),
('k19rs101', '小松 亜弥', 'abcd', 1),
('k19rs102', '平井 亮太', 'abcd', 1),
('k19rs103', '坂本 歩実', 'abcd', 1),
('k19rs104', '石田 晴翔', 'abcd', 1),
('k19rs105', '松岡 大雅', 'abcd', 1),
('k19rs106', '柴田 櫂', 'abcd', 1),
('k19rs107', '大橋 裕司', 'abcd', 1),
('k19rs108', '松村 花穂', 'abcd', 1),
('k19rs109', '小澤 楓香', 'abcd', 1),
('k19rs110', '樋口 奏汰', 'abcd', 1),
('k19rs111', '野田 悠', 'abcd', 1),
('k19rs112', '野口 優哉', 'abcd', 1),
('k19rs113', '水野 麻紀', 'abcd', 1),
('k19rs114', '西川 遼', 'abcd', 1),
('k19rs115', '岡 祐奈', 'abcd', 1),
('k19rs116', '馬場 優也', 'abcd', 1),
('k19rs117', '澤田 佑樹', 'abcd', 1),
('k19rs118', '菅原 翔一', 'abcd', 1),
('k19rs119', '五十嵐 悠弥', 'abcd', 1),
('k19rs120', '清水 侑', 'abcd', 1),
('katou', '加藤 慎之介', '1234', 2),
('matubara', '松原 五郎', '1234', 2),
('murakami', '村上 秀和', '1234', 2),
('nagai', '永井 陽仁', '1234', 2),
('nishiyama', '西山 彩花', '1234', 2),
('ozawa', '小澤 夏生', '1234', 2),
('shinohara', '篠原 亜美', '1234', 2),
('ueda', '上田 次郎', '1234', 2),
('yamada', '山田 淳子', '1234', 2),
('yoshioka', '吉岡 りお', '1234', 2);

--
-- ダンプしたテーブルのインデックス
--

--
-- テーブルのインデックス `tbl_group`
--
ALTER TABLE `tbl_group`
  ADD PRIMARY KEY (`gid`),
  ADD UNIQUE KEY `gid` (`gid`);

--
-- テーブルのインデックス `tbl_lab`
--
ALTER TABLE `tbl_lab`
  ADD PRIMARY KEY (`labid`);

--
-- テーブルのインデックス `tbl_program`
--
ALTER TABLE `tbl_program`
  ADD PRIMARY KEY (`sid`);

--
-- テーブルのインデックス `tbl_progress`
--
ALTER TABLE `tbl_progress`
  ADD PRIMARY KEY (`id`),
  ADD UNIQUE KEY `id` (`id`);

--
-- テーブルのインデックス `tbl_schedule`
--
ALTER TABLE `tbl_schedule`
  ADD PRIMARY KEY (`id`),
  ADD UNIQUE KEY `id` (`id`);

--
-- テーブルのインデックス `tbl_student`
--
ALTER TABLE `tbl_student`
  ADD PRIMARY KEY (`sid`);

--
-- テーブルのインデックス `tbl_user`
--
ALTER TABLE `tbl_user`
  ADD PRIMARY KEY (`uid`);

--
-- ダンプしたテーブルの AUTO_INCREMENT
--

--
-- テーブルの AUTO_INCREMENT `tbl_group`
--
ALTER TABLE `tbl_group`
  MODIFY `gid` bigint(20) UNSIGNED NOT NULL AUTO_INCREMENT, AUTO_INCREMENT=5;

--
-- テーブルの AUTO_INCREMENT `tbl_progress`
--
ALTER TABLE `tbl_progress`
  MODIFY `id` bigint(20) UNSIGNED NOT NULL AUTO_INCREMENT, AUTO_INCREMENT=22;

--
-- テーブルの AUTO_INCREMENT `tbl_schedule`
--
ALTER TABLE `tbl_schedule`
  MODIFY `id` bigint(20) UNSIGNED NOT NULL AUTO_INCREMENT, AUTO_INCREMENT=8;
COMMIT;

/*!40101 SET CHARACTER_SET_CLIENT=@OLD_CHARACTER_SET_CLIENT */;
/*!40101 SET CHARACTER_SET_RESULTS=@OLD_CHARACTER_SET_RESULTS */;
/*!40101 SET COLLATION_CONNECTION=@OLD_COLLATION_CONNECTION */;
